{
    "rmse": 0.6685468846605634,
    "mae": 0.5209069848380686,
    "r2": 0.32150409474193176
}