{
    "rmse": 0.6795015311085274,
    "mae": 0.5287557262240484,
    "r2": 0.29892694733463077
}