{
    "rmse": 0.6189677880326667,
    "mae": 0.4520484117759878,
    "r2": 0.44793238571698946
}